,date,close,open,high,low,volume,change,time_series,1MA,5MA,12MA,20MA,26MA,60MA,datetime
0,2020年1月6日,323.64,320.49,323.73,320.36,55.76,0.38,1578240000.0,323.64,324.63599999999997,327.69,327.1655,328.51346153846157,304.4115,2020-01-06
1,2020年1月7日,322.73,323.02,323.54,322.24,42.85,-0.28,1578326400.0,322.73,325.498,328.3633333333334,327.4365000000001,329.0434615384616,303.12,2020-01-07
2,2020年1月8日,324.45,322.94,325.78,322.67,68.43,0.53,1578412800.0,324.45,326.442,328.8666666666667,327.943,329.59461538461534,301.9383333333334,2020-01-08
3,2020年1月9日,326.65,326.16,326.73,325.52,48.57,0.68,1578499200.0,326.65,327.19,328.7875,328.41949999999997,330.10038461538466,300.6673333333334,2020-01-09
4,2020年1月10日,325.71,327.29,327.46,325.2,53.06,-0.29,1578585600.0,325.71,328.044,328.80749999999995,328.697,330.48807692307696,299.63750000000005,2020-01-10
5,2020年1月13日,327.95,326.39,327.96,325.92,47.26,0.69,1578844800.0,327.95,329.29200000000003,328.88333333333327,329.14549999999997,330.9738461538461,298.62783333333334,2020-01-13
6,2020年1月14日,327.45,327.47,328.62,326.84,63.04,-0.15,1578931200.0,327.45,329.962,328.86083333333335,329.511,331.32000000000005,297.7291666666667,2020-01-14
7,2020年1月15日,328.19,327.35,329.02,327.26,72.06,0.23,1579017600.0,328.19,330.73999999999995,328.38416666666666,330.0095,331.5519230769231,296.90833333333336,2020-01-15
8,2020年1月16日,330.92,329.7,330.92,329.45,54.05,0.83,1579104000.0,330.92,331.446,328.045,330.45300000000003,331.33,296.0328333333334,2020-01-16
9,2020年1月17日,331.95,331.7,332.18,330.85,95.85,0.31,1579190400.0,331.95,331.01599999999996,327.89,330.78700000000003,330.6273076923077,295.24733333333336,2020-01-17
10,2020年1月21日,331.3,330.9,332.18,330.82,77.74,-0.2,1579536000.0,331.3,329.326,327.96583333333336,331.026,329.84076923076924,294.34416666666664,2020-01-21
11,2020年1月22日,331.34,332.24,332.95,331.17,48.91,0.01,1579622400.0,331.34,328.44399999999996,328.18916666666667,331.37800000000004,328.5411538461539,293.47416666666663,2020-01-22
12,2020年1月23日,331.72,330.63,332.17,329.41,51.96,0.11,1579708800.0,331.72,327.5,328.2608333333333,331.65849999999995,327.19192307692305,292.72916666666663,2020-01-23
13,2020年1月24日,328.77,332.44,332.53,327.36,87.58,-0.89,1579795200.0,328.77,326.692,328.5075,331.7465,326.32153846153847,291.8936666666666,2020-01-24
14,2020年1月27日,323.5,323.03,325.12,322.66,84.06,-1.6,1580054400.0,323.5,325.284,329.04833333333335,331.429,325.22423076923076,290.96483333333333,2020-01-27
15,2020年1月28日,326.89,325.06,327.85,323.6,63.83,1.05,1580140800.0,326.89,325.408,330.2083333333333,330.88649999999996,324.815,290.2248333333334,2020-01-28
16,2020年1月29日,326.62,328.38,328.63,326.4,54.04,-0.08,1580227200.0,326.62,325.842,331.0558333333333,330.117,323.8753846153846,289.428,2020-01-29
17,2020年1月30日,327.68,324.36,327.91,323.54,75.49,0.32,1580313600.0,327.68,327.09000000000003,331.97083333333336,328.6615,322.75384615384615,288.70050000000003,2020-01-30
18,2020年1月31日,321.73,327.0,327.17,320.73,113.85,-1.82,1580400000.0,321.73,328.35,332.725,327.09049999999996,320.6980769230769,288.02333333333337,2020-01-31
19,2020年2月3日,324.12,323.35,326.16,323.22,69.24,0.74,1580659200.0,324.12,330.444,334.1091666666667,326.4585,319.41692307692307,287.42333333333335,2020-02-03
20,2020年2月4日,329.06,328.07,330.01,327.72,62.57,1.52,1580745600.0,329.06,332.55600000000004,335.17833333333334,325.26450000000006,317.50307692307695,286.90816666666666,2020-02-04
21,2020年2月5日,332.86,332.27,333.09,330.67,65.95,1.15,1580832000.0,332.86,333.796,335.5466666666667,324.45449999999994,314.38961538461535,286.26516666666663,2020-02-05
22,2020年2月6日,333.98,333.91,334.19,332.8,50.36,0.34,1580918400.0,333.98,334.708,334.6766666666667,322.93449999999996,311.9457692307692,285.4306666666667,2020-02-06
23,2020年2月7日,332.2,332.82,333.99,331.6,64.14,-0.53,1581004800.0,332.2,335.32399999999996,332.89916666666664,321.10849999999994,308.3253846153846,284.5905,2020-02-07
24,2020年2月10日,334.68,331.23,334.75,331.19,42.07,0.75,1581264000.0,334.68,336.404,331.1741666666667,318.21000000000004,305.2715384615385,283.8236666666666,2020-02-10
25,2020年2月11日,335.26,336.16,337.02,334.68,54.86,0.17,1581350400.0,335.26,336.814,328.07666666666665,315.89700000000005,301.63,282.98316666666665,2020-02-11
26,2020年2月12日,337.42,336.83,337.65,336.43,43.99,0.64,1581436800.0,337.42,337.42999999999995,324.82666666666665,312.852,297.9857692307692,282.1901666666667,2020-02-12
27,2020年2月13日,337.06,335.86,338.12,335.56,54.5,-0.11,1581523200.0,337.06,337.336,322.46583333333336,308.38649999999996,293.80807692307695,281.44049999999993,2020-02-13
28,2020年2月14日,337.6,337.51,337.73,336.2,64.58,0.16,1581609600.0,337.6,336.62,319.39750000000004,304.99949999999995,289.4192307692308,280.69783333333334,2020-02-14
29,2020年2月18日,336.73,336.51,337.67,335.21,57.34,-0.26,1581955200.0,336.73,333.584,317.33583333333337,300.11199999999997,285.78653846153844,279.849,2020-02-18
30,2020年2月19日,338.34,337.79,339.08,337.48,48.82,0.48,1582041600.0,338.34,328.76800000000003,314.4800000000001,295.9155,282.32730769230767,278.93016666666665,2020-02-19
31,2020年2月20日,336.95,337.74,338.64,333.68,74.16,-0.41,1582128000.0,336.95,323.4,311.0733333333333,290.99850000000004,279.3603846153846,278.0406666666667,2020-02-20
32,2020年2月21日,333.48,335.47,335.81,332.58,113.79,-1.03,1582214400.0,333.48,315.51200000000006,305.8466666666667,286.1765000000001,276.1476923076923,277.19616666666667,2020-02-21
33,2020年2月24日,322.42,323.14,333.56,321.24,161.09,-3.32,1582473600.0,322.42,308.068,302.09166666666664,280.9425,273.385,276.55483333333336,2020-02-24
34,2020年2月25日,312.65,323.94,324.61,311.69,218.91,-3.03,1582560000.0,312.65,305.402,298.08666666666664,275.96900000000005,270.8976923076923,276.0473333333333,2020-02-25
35,2020年2月26日,311.5,314.18,318.11,310.7,194.77,-0.37,1582646400.0,311.5,302.91999999999996,292.70833333333337,272.494,268.34000000000003,275.7853333333333,2020-02-26
36,2020年2月27日,297.51,305.46,311.56,297.51,284.35,-4.49,1582732800.0,297.51,303.192,289.1933333333333,269.2585,266.045,275.5083333333333,2020-02-27
37,2020年2月28日,296.26,288.7,297.89,285.54,385.76,-0.42,1582819200.0,296.26,304.18199999999996,284.3883333333334,267.443,264.1480769230769,275.4738333333333,2020-02-28
38,2020年3月2日,309.09,298.21,309.16,294.46,238.7,4.33,1583078400.0,309.09,304.42199999999997,280.7666666666667,265.301,262.9403846153846,275.5208333333333,2020-03-02
39,2020年3月3日,300.24,309.5,313.84,297.57,300.14,-2.86,1583164800.0,300.24,297.45,275.0091666666667,262.929,261.24961538461537,275.42816666666664,2020-03-03
40,2020年3月4日,312.86,306.12,313.1,303.33,176.61,4.2,1583251200.0,312.86,295.086,270.0316666666667,260.80449999999996,260.2415384615385,275.4736666666667,2020-03-04
41,2020年3月5日,302.46,304.98,308.47,300.01,186.37,-3.32,1583337600.0,302.46,287.38599999999997,263.0266666666667,257.46899999999994,258.90846153846155,275.33133333333336,2020-03-05
42,2020年3月6日,297.46,293.15,298.78,290.23,228.67,-1.65,1583424000.0,297.46,276.5160000000001,256.40083333333337,254.93749999999994,257.87769230769226,275.38283333333334,2020-03-06
43,2020年3月9日,274.23,275.3,284.19,273.45,309.42,-7.81,1583683200.0,274.23,270.88800000000003,251.87500000000003,252.47399999999993,257.3519230769231,275.55983333333336,2020-03-09
44,2020年3月10日,288.42,284.64,288.52,273.5,276.44,5.17,1583769600.0,288.42,264.012,249.58833333333334,252.00549999999993,257.4876923076923,276.1923333333333,2020-03-10
45,2020年3月11日,274.36,280.7,281.94,270.88,256.42,-4.87,1583856000.0,274.36,256.888,247.31999999999996,250.84099999999998,257.1292307692308,276.57466666666664,2020-03-11
46,2020年3月12日,248.11,256.0,266.66,247.68,392.22,-9.57,1583942400.0,248.11,250.01600000000002,245.57500000000002,250.82449999999994,257.6015384615385,277.3243333333333,2020-03-12
47,2020年3月13日,269.32,263.09,271.48,248.52,329.57,8.55,1584028800.0,269.32,248.496,246.70333333333335,252.32899999999995,258.8892307692308,278.5758333333334,2020-03-13
48,2020年3月16日,239.85,241.18,256.9,237.36,297.24,-10.94,1584288000.0,239.85,240.392,245.73916666666665,252.64599999999996,259.0323076923077,279.4336666666667,2020-03-16
49,2020年3月17日,252.8,245.04,256.17,237.07,262.07,5.4,1584374400.0,252.8,237.012,246.26416666666668,254.843,260.54192307692307,280.75283333333334,2020-03-17
50,2020年3月18日,240.0,236.25,248.37,228.02,322.58,-5.06,1584460800.0,240.0,235.08200000000002,246.1833333333333,256.091,261.5526923076923,281.5496666666667,2020-03-18
51,2020年3月19日,240.51,239.25,247.38,232.22,281.41,0.21,1584547200.0,240.51,236.44,246.86583333333337,258.046,263.2053846153846,282.61983333333336,2020-03-19
52,2020年3月20日,228.8,242.53,244.47,228.5,335.78,-4.87,1584633600.0,228.8,240.57799999999997,248.895,260.3525000000001,264.99538461538464,283.72883333333334,2020-03-20
53,2020年3月23日,222.95,228.19,229.68,218.26,316.41,-2.56,1584892800.0,222.95,245.502,251.9225,262.9920000000001,267.185,285.1315,2020-03-23
54,2020年3月24日,243.15,234.42,244.1,233.8,230.26,9.06,1584979200.0,243.15,253.24200000000002,256.17916666666673,265.4965,269.88730769230773,286.60999999999996,2020-03-24
55,2020年3月25日,246.79,244.87,256.35,239.75,296.79,1.5,1585065600.0,246.79,256.162,259.09999999999997,267.29400000000004,271.7076923076923,287.7538333333333,2020-03-25
56,2020年3月26日,261.2,249.52,262.8,249.05,254.58,5.84,1585152000.0,261.2,256.034,261.5058333333333,268.90850000000006,273.0923076923077,288.7846666666666,2020-03-26
57,2020年3月27日,253.42,253.27,260.81,251.05,220.44,-2.98,1585238400.0,253.42,254.16,263.3883333333333,269.997,273.9526923076923,289.6083333333333,2020-03-27
58,2020年3月30日,261.65,255.7,262.43,253.53,170.96,3.25,1585497600.0,261.65,253.11399999999998,265.4166666666667,271.67850000000004,275.2130769230769,290.58549999999997,2020-03-30
59,2020年3月31日,257.75,260.56,263.33,256.22,194.88,-1.49,1585584000.0,257.75,253.75600000000003,266.8708333333333,272.88250000000005,276.0823076923077,291.2928333333333,2020-03-31
60,2020年4月1日,246.15,247.98,257.66,243.9,189.56,-4.5,1585670400.0,246.15,255.23200000000003,269.27833333333336,274.65549999999996,277.23346153846154,292.11949999999996,2020-04-01
61,2020年4月2日,251.83,245.19,252.68,244.59,177.66,2.31,1585756800.0,251.83,260.808,272.2316666666666,276.872,279.01384615384615,293.0178333333333,2020-04-02
62,2020年4月3日,248.19,250.76,253.32,245.22,135.56,-1.45,1585843200.0,248.19,266.082,273.99916666666667,278.42,280.57807692307694,293.8949999999999,2020-04-03
63,2020年4月6日,264.86,257.84,267.0,248.17,188.06,6.72,1586102400.0,264.86,271.576,276.575,280.18899999999996,282.05807692307695,294.8978333333333,2020-04-06
64,2020年4月7日,265.13,274.21,275.03,264.89,201.43,0.1,1586188800.0,265.13,275.36199999999997,277.76,281.2554999999999,282.7019230769231,295.6588333333333,2020-04-07
65,2020年4月8日,274.03,267.96,276.0,265.25,153.77,3.36,1586275200.0,274.03,277.88800000000003,279.24666666666667,282.21149999999994,283.46500000000003,296.4438333333333,2020-04-08
66,2020年4月9日,278.2,277.58,281.2,275.47,190.28,1.52,1586361600.0,278.2,278.90200000000004,280.33166666666665,282.89399999999995,283.93615384615384,297.1608333333333,2020-04-09
67,2020年4月13日,275.66,277.14,277.51,271.41,114.84,-0.91,1586707200.0,275.66,280.59,280.9591666666667,283.60599999999994,284.58230769230767,297.7538333333333,2020-04-13
68,2020年4月14日,283.79,280.98,284.9,275.51,134.14,2.95,1586793600.0,283.79,281.77599999999995,282.4216666666667,284.448,285.2096153846154,298.4291666666666,2020-04-14
69,2020年4月15日,277.76,277.57,283.94,275.46,121.78,-2.12,1586880000.0,277.76,279.626,282.9791666666667,284.592,285.71500000000003,298.939,2020-04-15
70,2020年4月16日,279.1,279.15,280.03,275.76,131.8,0.48,1586966400.0,279.1,279.89399999999995,283.3983333333333,284.784,286.3734615384615,299.6028333333333,2020-04-16
71,2020年4月17日,286.64,285.38,287.3,282.4,146.68,2.7,1587052800.0,286.64,279.89,283.7708333333333,285.07750000000004,287.00192307692305,300.1985,2020-04-17
72,2020年4月20日,281.59,282.61,286.79,281.35,100.11,-1.76,1587312000.0,281.59,279.156,283.73333333333335,285.0595,287.4803846153846,300.7365,2020-04-20
73,2020年4月21日,273.04,276.73,278.04,272.02,126.39,-3.04,1587398400.0,273.04,280.248,283.955,285.73,288.3242307692308,301.40749999999997,2020-04-21
74,2020年4月22日,279.1,278.35,281.0,276.91,93.53,2.22,1587484800.0,279.1,282.786,285.175,286.67650000000003,289.47538461538466,302.2033333333333,2020-04-22
75,2020年4月23日,279.08,280.49,283.94,278.75,104.71,-0.01,1587571200.0,279.08,285.608,286.2866666666667,287.56800000000004,290.4453846153846,302.91366666666664,2020-04-23
76,2020年4月24日,282.97,280.73,283.7,278.5,85.17,1.39,1587657600.0,282.97,287.88800000000003,287.405,288.35800000000006,291.46346153846156,303.66766666666666,2020-04-24
77,2020年4月27日,287.05,285.12,288.27,284.62,77.9,1.44,1587916800.0,287.05,287.852,287.71333333333337,288.9815,292.4292307692308,304.3683333333334,2020-04-27
78,2020年4月28日,285.73,291.02,291.4,285.4,105.27,-0.46,1588003200.0,285.73,287.156,287.25916666666666,289.58299999999997,293.39576923076925,305.03183333333334,2020-04-28
79,2020年4月29日,293.21,291.53,294.88,290.41,118.75,2.62,1588089600.0,293.21,287.248,287.1958333333334,290.47299999999996,294.38153846153847,305.6523333333333,2020-04-29
80,2020年4月30日,290.48,291.71,293.32,288.59,122.9,-0.93,1588176000.0,290.48,285.456,286.61833333333334,290.961,295.38653846153846,306.1135,2020-04-30
81,2020年5月1日,282.79,285.31,290.66,281.52,125.18,-2.65,1588262400.0,282.79,284.896,286.99499999999995,291.65299999999996,296.64500000000004,306.65916666666664,2020-05-01
82,2020年5月4日,283.57,280.74,283.9,279.13,80.87,0.28,1588521600.0,283.57,286.826,287.76,292.791,298.10653846153843,307.2988333333333,2020-05-04
83,2020年5月5日,286.19,286.64,289.25,283.71,79.57,0.92,1588608000.0,286.19,288.612,288.87333333333333,294.0165,299.46923076923076,307.9913333333333,2020-05-05
84,2020年5月6日,284.25,288.04,288.46,283.78,73.63,-0.68,1588694400.0,284.25,288.708,289.5975,295.31600000000003,300.02384615384614,308.6208333333333,2020-05-06
85,2020年5月7日,287.68,287.75,289.78,287.13,75.25,1.21,1588780800.0,287.68,288.178,290.53,296.67150000000004,300.79153846153844,309.3253333333333,2020-05-07
86,2020年5月8日,292.44,291.09,292.95,289.86,76.62,1.65,1588867200.0,292.44,287.636,291.48,298.2545,301.53653846153844,310.0105,2020-05-08
87,2020年5月11日,292.5,290.34,294.0,289.88,79.51,0.02,1589126400.0,292.5,286.40400000000005,292.4041666666667,299.7925,302.32576923076925,310.6375,2020-05-11
88,2020年5月12日,286.67,293.79,294.24,286.52,95.87,-1.99,1589212800.0,286.67,286.904,293.2766666666667,301.207,303.0626923076923,311.29766666666666,2020-05-12
89,2020年5月13日,281.6,286.02,287.17,279.0,144.72,-1.77,1589299200.0,281.6,287.964,294.7475,302.82349999999997,304.0284615384615,312.09200000000004,2020-05-13
90,2020年5月14日,284.97,278.79,285.03,276.39,121.98,1.2,1589385600.0,284.97,291.03000000000003,296.7433333333334,303.774,305.0684615384615,312.9748333333334,2020-05-14
91,2020年5月15日,286.28,282.38,286.28,281.38,111.15,0.46,1589472000.0,286.28,293.012,298.6691666666667,304.736,306.055,313.81816666666674,2020-05-15
92,2020年5月18日,295.0,292.87,296.6,292.75,120.32,3.05,1589731200.0,295.0,294.84400000000005,300.82750000000004,305.7745,307.04615384615386,314.59350000000006,2020-05-18
93,2020年5月19日,291.97,294.32,296.19,291.97,95.19,-1.03,1589817600.0,291.97,295.65999999999997,302.19083333333333,306.6725,307.39576923076925,315.3008333333333,2020-05-19
94,2020年5月20日,296.93,295.86,297.86,295.59,85.86,1.7,1589904000.0,296.93,297.972,304.47166666666664,307.65700000000004,307.9873076923077,316.04850000000005,2020-05-20
95,2020年5月21日,294.88,296.71,297.67,293.7,78.29,-0.69,1589990400.0,294.88,299.17999999999995,306.6608333333333,308.3995,308.1073076923077,316.7136666666667,2020-05-21
96,2020年5月22日,295.44,294.57,295.63,293.22,63.96,0.19,1590076800.0,295.44,301.068,308.82,309.0875,308.4757692307693,317.4308333333334,2020-05-22
97,2020年5月26日,299.08,302.18,302.18,298.73,88.95,1.23,1590422400.0,299.08,303.09,310.7833333333333,309.8465,308.9726923076923,318.15083333333337,2020-05-26
98,2020年5月27日,303.53,302.08,303.53,296.9,104.82,1.49,1590508800.0,303.53,304.89,310.9108333333333,310.495,309.4126923076923,318.7866666666667,2020-05-27
99,2020年5月28日,302.97,304.76,306.8,302.29,90.77,-0.18,1590595200.0,302.97,306.62,310.96750000000003,310.523,309.7473076923077,319.3658333333333,2020-05-28
100,2020年5月29日,304.32,302.46,304.96,299.47,119.27,0.45,1590681600.0,304.32,308.29800000000006,311.30750000000006,310.742,310.2888461538461,319.97433333333333,2020-05-29
101,2020年6月1日,305.55,303.6,306.2,303.07,56.78,0.4,1590940800.0,305.55,311.302,312.02750000000003,310.52850000000007,310.6526923076923,320.61766666666665,2020-06-01
102,2020年6月2日,308.08,306.54,308.1,305.14,74.27,0.83,1591027200.0,308.08,314.832,312.5366666666667,310.47400000000005,311.0615384615384,321.2605,2020-06-02
103,2020年6月3日,312.18,310.33,313.16,309.96,92.57,1.33,1591113600.0,312.18,317.37399999999997,312.84499999999997,310.488,311.30384615384617,321.9186666666666,2020-06-03
104,2020年6月4日,311.36,311.06,313.0,309.1,75.79,-0.26,1591200000.0,311.36,318.738,312.55,310.40500000000003,311.5119230769231,322.52116666666666,2020-06-04
105,2020年6月5日,319.34,317.23,321.27,317.16,150.52,2.56,1591286400.0,319.34,316.588,312.4883333333333,310.44849999999997,311.64576923076925,323.17483333333337,2020-06-05
106,2020年6月8日,323.2,320.22,323.27,319.63,73.64,1.21,1591545600.0,323.2,313.562,311.8808333333333,310.33399999999995,311.6296153846154,323.6743333333334,2020-06-08
107,2020年6月9日,320.79,320.3,322.36,319.38,77.48,-0.75,1591632000.0,320.79,310.332,310.28833333333336,309.863,311.5776923076923,324.1643333333334,2020-06-09
108,2020年6月10日,319.0,321.53,322.38,318.25,95.0,-0.56,1591718400.0,319.0,308.76599999999996,309.16833333333335,309.63250000000005,311.5776923076923,324.77950000000004,2020-06-10
109,2020年6月11日,300.61,310.95,312.03,300.04,209.24,-5.76,1591804800.0,300.61,307.298,307.5891666666667,309.4015,311.68230769230775,325.21933333333334,2020-06-11
110,2020年6月12日,304.21,308.24,309.08,298.6,194.68,1.2,1591891200.0,304.21,309.53200000000004,307.91,310.2505,312.59423076923076,325.91866666666664,2020-06-12
111,2020年6月15日,307.05,298.03,308.23,296.77,135.78,0.93,1592150400.0,307.05,310.418,308.2558333333334,310.78200000000004,313.3942307692308,326.402,2020-06-15
112,2020年6月16日,312.96,315.34,315.61,307.93,137.63,1.92,1592236800.0,312.96,311.13199999999995,308.545,311.37550000000005,314.1561538461538,326.9476666666667,2020-06-16
113,2020年6月17日,311.66,314.04,314.37,311.04,83.4,-0.42,1592323200.0,311.66,310.95,308.4841666666667,311.82000000000005,314.54076923076923,327.29650000000004,2020-06-17
114,2020年6月18日,311.78,309.93,312.27,309.61,80.83,0.04,1592409600.0,311.78,309.436,308.93333333333334,312.27650000000006,314.8953846153846,327.6698333333334,2020-06-18
115,2020年6月19日,308.64,314.17,314.38,306.53,135.55,-1.01,1592496000.0,308.64,308.55,309.09999999999997,312.7735,315.33538461538467,328.11449999999996,2020-06-19
116,2020年6月22日,310.62,307.95,311.04,306.81,74.65,0.64,1592755200.0,310.62,306.832,309.72833333333335,313.5575,315.8173076923077,328.64,2020-06-22
117,2020年6月23日,312.05,313.42,314.46,311.62,68.47,0.46,1592841600.0,312.05,305.6,310.04166666666663,314.277,316.37500000000006,329.1099999999999,2020-06-23
118,2020年6月24日,304.09,309.78,310.48,302.13,132.81,-2.55,1592928000.0,304.09,304.86199999999997,310.5033333333333,315.01750000000004,316.83307692307693,329.5064999999999,2020-06-24
119,2020年6月25日,307.35,303.28,307.61,301.34,89.47,1.07,1593014400.0,307.35,306.148,311.3991666666667,315.96099999999996,317.69576923076926,329.94916666666666,2020-06-25
120,2020年6月26日,300.05,306.16,306.39,299.42,127.96,-2.38,1593100800.0,300.05,307.12399999999997,312.3633333333334,316.6375,318.5203846153846,330.2761666666667,2020-06-26
121,2020年6月29日,304.46,301.41,304.46,299.04,79.77,1.47,1593360000.0,304.46,310.524,314.18,317.796,319.67461538461544,330.7803333333333,2020-06-29
122,2020年6月30日,308.36,303.95,310.16,303.85,113.39,1.28,1593446400.0,308.36,312.38800000000003,315.54083333333335,318.6315000000001,320.73807692307696,331.08333333333337,2020-06-30
123,2020年7月1日,310.52,309.53,311.86,309.1,72.4,0.7,1593532800.0,310.52,313.952,316.65416666666664,319.46950000000004,321.73692307692306,331.33566666666667,2020-07-01
124,2020年7月2日,312.23,314.29,315.59,311.53,69.34,0.55,1593619200.0,312.23,314.724,317.8041666666667,320.14150000000006,322.661923076923,331.63916666666665,2020-07-02
125,2020年7月6日,317.05,316.4,317.24,315.59,61.71,1.54,1593964800.0,317.05,315.79599999999994,318.8691666666666,320.85600000000005,323.55961538461537,332.00516666666664,2020-07-06
126,2020年7月7日,313.78,315.38,317.52,313.37,82.91,-1.03,1594051200.0,313.78,315.354,319.68666666666667,321.443,324.1653846153846,332.2605,2020-07-07
127,2020年7月8日,316.18,314.62,316.27,312.7,54.64,0.76,1594137600.0,316.18,316.38199999999995,320.45166666666665,322.25699999999995,325.07538461538456,332.61233333333325,2020-07-08
128,2020年7月9日,314.38,316.87,317.09,310.73,83.35,-0.57,1594224000.0,314.38,317.51599999999996,320.84333333333336,323.05350000000004,325.86961538461543,332.96,2020-07-09
129,2020年7月10日,317.59,314.4,317.85,312.81,57.55,1.02,1594310400.0,317.59,318.79799999999994,321.58,324.051,326.73346153846154,333.2843333333333,2020-07-10
130,2020年7月13日,314.84,320.24,322.69,314.19,103.0,-0.87,1594569600.0,314.84,319.624,321.87833333333333,324.9,327.515,333.65383333333324,2020-07-13
131,2020年7月14日,318.92,313.29,319.28,312.05,93.66,1.3,1594656000.0,318.92,321.52,322.73499999999996,325.9364999999999,328.4303846153846,333.9886666666667,2020-07-14
132,2020年7月15日,321.85,322.61,323.01,319.29,87.2,0.92,1594742400.0,321.85,322.738,323.15500000000003,326.6305,329.13461538461536,334.35266666666666,2020-07-15
133,2020年7月16日,320.79,319.75,321.26,319.09,54.62,-0.33,1594828800.0,320.79,323.73999999999995,323.5441666666667,327.40999999999997,329.76653846153846,334.7181666666666,2020-07-16
134,2020年7月17日,321.72,321.88,322.57,319.73,62.78,0.29,1594915200.0,321.72,324.174,324.2108333333333,328.212,330.48538461538465,335.1525,2020-07-17
135,2020年7月20日,324.32,321.36,325.0,320.81,56.31,0.81,1595174400.0,324.32,324.006,324.9058333333333,328.968,331.3007692307692,335.6643333333332,2020-07-20
136,2020年7月21日,325.01,326.32,326.91,323.97,57.5,0.21,1595260800.0,325.01,323.786,325.555,329.6475,332.06230769230774,336.0945,2020-07-21
137,2020年7月22日,326.86,325.01,327.12,324.55,57.79,0.57,1595347200.0,326.86,323.01800000000003,326.33166666666665,330.32900000000006,332.93,336.4765,2020-07-22
138,2020年7月23日,322.96,326.42,327.22,321.52,75.74,-1.19,1595433600.0,322.96,322.66999999999996,326.9741666666667,330.8475,333.7557692307692,336.82050000000004,2020-07-23
139,2020年7月24日,320.88,320.73,321.99,319.28,73.77,-0.64,1595520000.0,320.88,322.87,328.02500000000003,331.6135,334.81807692307694,337.226,2020-07-24
140,2020年7月27日,323.22,321.45,323.39,320.8,48.29,0.73,1595779200.0,323.22,323.998,329.0183333333334,332.54350000000005,335.91153846153844,337.5781666666666,2020-07-27
141,2020年7月28日,321.17,323.22,323.64,320.87,57.49,-0.63,1595865600.0,321.17,325.11199999999997,330.2033333333334,333.5285,337.04153846153844,337.91416666666663,2020-07-28
142,2020年7月29日,325.12,322.12,325.73,322.08,48.45,1.23,1595952000.0,325.12,326.89,331.5083333333334,334.676,338.44653846153847,338.2735,2020-07-29
143,2020年7月30日,323.96,321.8,324.4,319.69,61.86,-0.36,1596038400.0,323.96,328.288,332.485,335.79849999999993,339.2261538461538,338.5983333333333,2020-07-30
144,2020年7月31日,326.52,325.9,326.63,321.33,85.21,0.79,1596124800.0,326.52,330.36199999999997,333.6475,337.01699999999994,339.94192307692305,338.96200000000005,2020-07-31
145,2020年8月3日,328.79,328.36,329.61,327.74,53.08,0.7,1596384000.0,328.79,331.972,334.65749999999997,338.21999999999997,340.1992307692307,339.1764999999999,2020-08-03
146,2020年8月4日,330.06,328.06,330.06,327.96,41.92,0.39,1596470400.0,330.06,333.328,335.36083333333335,339.246,340.6223076923077,339.3336666666666,2020-08-04
147,2020年8月5日,332.11,331.47,332.39,331.19,42.87,0.62,1596556800.0,332.11,333.876,336.0458333333333,340.373,340.7696153846154,339.277,2020-08-05
148,2020年8月6日,334.33,331.47,334.46,331.15,43.68,0.67,1596643200.0,334.33,334.942,336.65999999999997,341.65250000000003,340.84461538461534,339.2415,2020-08-06
149,2020年8月7日,334.57,333.28,334.68,332.3,57.31,0.07,1596729600.0,334.57,335.442,337.37583333333333,342.2055000000001,341.00346153846147,339.11166666666674,2020-08-07
150,2020年8月10日,335.57,335.05,335.76,332.98,44.28,0.3,1596988800.0,335.57,335.89599999999996,338.1716666666667,342.6055,341.21884615384613,339.0388333333333,2020-08-10
151,2020年8月11日,332.8,336.95,337.52,332.05,69.6,-0.83,1597075200.0,332.8,336.364,339.1716666666667,342.4875,341.3438461538462,339.04650000000004,2020-08-11
152,2020年8月12日,337.44,335.56,338.28,335.56,53.83,1.39,1597161600.0,337.44,337.532,340.46583333333336,342.837,341.4607692307692,339.22550000000007,2020-08-12
153,2020年8月13日,336.83,337.02,338.25,335.85,41.82,-0.18,1597248000.0,336.83,337.48999999999995,341.5608333333334,342.6595,341.1996153846154,339.4388333333334,2020-08-13
154,2020年8月14日,336.84,336.41,337.42,335.62,47.26,0.0,1597334400.0,336.84,337.78,342.60083333333336,342.521,340.82038461538457,339.661,2020-08-14
155,2020年8月17日,337.91,337.92,338.34,337.5,35.48,0.32,1597593600.0,337.91,338.308,343.9141666666667,342.60200000000003,340.5688461538461,339.95633333333336,2020-08-17
156,2020年8月18日,338.64,338.36,339.09,336.64,38.73,0.22,1597680000.0,338.64,339.31000000000006,345.56333333333333,342.71500000000003,339.98153846153843,340.2251666666668,2020-08-18
157,2020年8月19日,337.23,339.07,339.6,336.64,68.05,-0.42,1597766400.0,337.23,340.40600000000006,346.12583333333333,342.72400000000005,339.3992307692307,340.52566666666667,2020-08-19
158,2020年8月20日,338.28,335.38,338.77,335.25,42.21,0.31,1597852800.0,338.28,342.47400000000005,346.57083333333327,342.6545,339.07230769230773,340.79200000000003,2020-08-20
159,2020年8月21日,339.48,337.99,339.67,337.57,55.11,0.35,1597939200.0,339.48,344.484,346.1483333333333,342.27299999999997,338.915,341.1223333333333,2020-08-21
160,2020年8月24日,342.92,342.12,342.96,341.1,48.59,1.01,1598198400.0,342.92,346.70399999999995,346.1741666666667,341.6475,338.64153846153846,341.50716666666654,2020-08-24
161,2020年8月25日,344.12,343.53,344.14,342.27,38.46,0.35,1598284800.0,344.12,347.98199999999997,345.4216666666667,341.0165,338.3326923076923,341.80216666666655,2020-08-25
162,2020年8月26日,347.57,344.73,347.85,344.17,50.79,1.0,1598371200.0,347.57,349.678,344.5833333333333,339.9425,338.0603846153847,342.0048333333333,2020-08-26
163,2020年8月27日,348.33,348.36,349.89,346.54,58.03,0.22,1598457600.0,348.33,351.70400000000006,343.8241666666666,338.73900000000003,337.5323076923077,342.17499999999995,2020-08-27
164,2020年8月28日,350.58,349.44,350.72,348.15,48.59,0.65,1598544000.0,350.58,351.116,343.14416666666665,337.759,337.20269230769225,342.29166666666663,2020-08-28
165,2020年8月31日,349.31,350.29,351.26,349.11,66.1,-0.36,1598803200.0,349.31,349.514,342.1641666666667,336.9395,336.6007692307692,342.4063333333333,2020-08-31
166,2020年9月1日,352.6,350.22,352.64,349.26,55.0,0.94,1598889600.0,352.6,346.294,341.0416666666667,336.0924999999999,336.2719230769231,342.6381666666667,2020-09-01
167,2020年9月2日,357.7,354.51,358.66,353.45,69.54,1.45,1598976000.0,357.7,343.73199999999997,339.21250000000003,335.207,335.9326923076923,342.8058333333334,2020-09-02
168,2020年9月3日,345.39,355.87,356.35,342.62,148.01,-3.44,1599062400.0,345.39,338.96999999999997,336.6516666666667,334.174,335.5153846153846,342.90533333333326,2020-09-03
169,2020年9月4日,342.57,346.13,347.83,334.87,139.16,-0.82,1599148800.0,342.57,336.704,335.3941666666667,333.59650000000005,335.78615384615387,343.1831666666667,2020-09-04
170,2020年9月8日,333.21,336.12,337.98,332.88,114.47,-2.73,1599494400.0,333.21,335.882,333.7333333333333,333.456,336.0769230769231,343.57399999999996,2020-09-08
171,2020年9月9日,339.79,337.62,342.45,336.66,91.46,1.97,1599580800.0,339.79,337.274,332.92416666666674,333.54200000000003,336.643076923077,344.1336666666667,2020-09-09
172,2020年9月10日,333.89,341.74,342.51,332.92,90.57,-1.74,1599667200.0,333.89,337.08000000000004,332.0025,333.5905000000001,336.9396153846154,344.58200000000005,2020-09-10
173,2020年9月11日,334.06,335.82,336.97,331.0,84.68,0.05,1599753600.0,334.06,337.46999999999997,332.0275,334.08500000000004,337.45500000000004,345.18133333333327,2020-09-11
174,2020年9月14日,338.46,337.55,340.36,336.95,65.61,1.32,1600012800.0,338.46,336.788,331.88666666666666,334.72450000000003,337.76076923076926,345.76516666666663,2020-09-14
175,2020年9月15日,340.17,341.26,342.0,339.02,52.92,0.51,1600099200.0,340.17,334.49,331.58916666666664,335.423,337.94999999999993,346.2936666666666,2020-09-15
176,2020年9月16日,338.82,341.66,343.03,338.59,82.21,-0.4,1600185600.0,338.82,332.51599999999996,331.3283333333333,335.921,338.0484615384615,346.7383333333333,2020-09-16
177,2020年9月17日,335.84,333.55,337.66,333.01,91.52,-0.88,1600272000.0,335.84,329.28000000000003,330.9133333333333,336.3765000000001,338.2711538461539,347.2034999999999,2020-09-17
178,2020年9月18日,330.65,335.37,335.49,327.97,105.88,-1.55,1600358400.0,330.65,326.812,331.24,336.95950000000005,338.6534615384616,347.7111666666666,2020-09-18
179,2020年9月21日,326.97,325.61,326.98,321.73,99.45,-1.11,1600617600.0,326.97,326.428,331.5966666666667,337.7915,338.9896153846154,348.27799999999996,2020-09-21
180,2020年9月22日,330.3,328.45,330.89,325.9,63.61,1.02,1600704000.0,330.3,327.872,332.74583333333334,338.54350000000005,339.4223076923077,348.9883333333333,2020-09-22
181,2020年9月23日,322.64,330.86,331.16,322.1,93.11,-2.32,1600790400.0,322.64,328.28599999999994,333.8691666666666,339.19750000000005,339.28230769230765,349.65283333333326,2020-09-23
182,2020年9月24日,323.5,321.08,326.75,319.82,76.68,0.27,1600876800.0,323.5,330.736,335.8866666666666,340.20200000000006,339.5646153846154,350.47950000000003,2020-09-24
183,2020年9月25日,328.73,322.63,329.56,321.68,71.07,1.62,1600963200.0,328.73,333.444,338.29749999999996,341.25750000000005,339.6815384615385,351.2408333333333,2020-09-25
184,2020年9月28日,334.19,333.38,334.89,332.17,64.58,1.66,1601222400.0,334.19,334.466,340.08083333333326,342.11,339.738076923077,351.893,2020-09-28
185,2020年9月29日,332.37,333.87,334.73,331.63,51.53,-0.54,1601308800.0,332.37,335.58,341.2258333333333,342.36999999999995,339.80884615384616,352.44383333333343,2020-09-29
186,2020年9月30日,334.89,333.2,338.28,332.9,104.08,0.76,1601395200.0,334.89,336.092,342.4866666666667,342.6625,340.23846153846165,353.0305,2020-09-30
187,2020年10月1日,337.04,337.63,338.68,335.05,88.7,0.64,1601481600.0,337.04,337.26599999999996,343.52000000000004,342.251,340.8288461538462,353.599,2020-10-01
188,2020年10月2日,333.84,331.25,335.9,331.2,89.43,-0.95,1601568000.0,333.84,338.614,343.93416666666667,341.89799999999997,341.33346153846156,354.1845,2020-10-02
189,2020年10月5日,339.76,336.27,339.94,336.17,45.71,1.77,1601827200.0,339.76,341.216,344.7291666666667,341.533,342.1303846153847,354.8114999999999,2020-10-05
190,2020年10月6日,334.93,339.91,342.17,334.38,90.13,-1.42,1601913600.0,334.93,343.75000000000006,344.97666666666674,341.05499999999995,342.6796153846154,355.34866666666665,2020-10-06
191,2020年10月7日,340.76,338.11,341.6,338.11,57.0,1.74,1602000000.0,340.76,346.78999999999996,345.78333333333336,341.11,343.5157692307693,355.9978333333334,2020-10-07
192,2020年10月8日,343.78,342.84,343.84,341.89,45.24,0.89,1602086400.0,343.78,348.22400000000005,346.20166666666665,341.24899999999997,343.9946153846153,356.2561016949153,2020-10-08
193,2020年10月9日,346.85,345.56,347.35,344.89,59.53,0.89,1602172800.0,346.85,348.96799999999996,345.8358333333333,341.572,344.54538461538465,356.47120689655173,2020-10-09
194,2020年10月12日,352.43,349.53,354.01,349.08,80.39,1.61,1602432000.0,352.43,349.056,345.1166666666666,341.73749999999995,345.15,356.64,2020-10-12
195,2020年10月13日,350.13,352.34,352.34,349.1,73.26,-0.65,1602518400.0,350.13,346.972,342.9691666666666,341.84400000000005,345.4650000000001,356.7151785714286,2020-10-13
196,2020年10月14日,347.93,350.72,351.91,347.16,57.96,-0.63,1602604800.0,347.93,345.622,341.29,342.03950000000003,345.7015384615385,356.83490909090915,2020-10-14
197,2020年10月15日,347.5,343.54,348.01,343.54,60.36,-0.12,1602691200.0,347.5,344.582,339.5075,342.47650000000004,346.0803846153847,356.9998148148148,2020-10-15
198,2020年10月16日,347.29,348.96,350.75,347.1,89.5,-0.06,1602777600.0,347.29,344.004,338.0658333333333,342.76200000000006,346.3815384615385,357.1790566037736,2020-10-16
199,2020年10月19日,342.01,348.65,349.33,341.04,67.26,-1.52,1603036800.0,342.01,343.702,337.1275,343.30250000000007,346.77269230769224,357.3692307692308,2020-10-19
200,2020年10月20日,343.38,343.46,346.88,342.64,59.39,0.4,1603123200.0,343.38,343.178,337.25499999999994,344.33050000000003,347.5884615384615,357.6703921568628,2020-10-20
201,2020年10月21日,342.73,343.33,348.68,342.4,62.46,-0.19,1603209600.0,342.73,342.14599999999996,337.8266666666666,345.1925,348.33,357.9562000000001,2020-10-21
202,2020年10月22日,344.61,342.96,345.24,340.65,54.89,0.55,1603296000.0,344.61,338.932,338.44583333333327,345.87,349.13538461538457,358.26693877551025,2020-10-22
203,2020年10月23日,345.78,345.93,345.99,343.13,49.14,0.34,1603382400.0,345.78,336.006,339.275,346.52849999999995,349.8065384615384,358.5514583333333,2020-10-23
204,2020年10月26日,339.39,342.13,342.98,335.62,89.71,-1.85,1603641600.0,339.39,332.158,339.9633333333333,347.006,350.58500000000004,358.82319148936176,2020-10-26
205,2020年10月27日,338.22,339.76,340.12,337.99,64.33,-0.34,1603728000.0,338.22,330.32000000000005,341.40333333333325,347.9095,351.6388461538462,359.245652173913,2020-10-27
206,2020年10月28日,326.66,332.1,338.25,326.13,125.7,-3.42,1603814400.0,326.66,329.882,342.6525,349.1595,352.7338461538462,359.71288888888887,2020-10-28
207,2020年10月29日,329.98,326.91,333.39,325.09,89.17,1.02,1603900800.0,329.98,333.258,345.27250000000004,350.95950000000005,354.39500000000004,360.4640909090909,2020-10-29
208,2020年10月30日,326.54,328.28,329.69,322.6,120.45,-1.04,1603987200.0,326.54,337.31,347.9883333333333,352.644,355.8992307692307,361.1730232558139,2020-10-30
209,2020年11月2日,330.2,330.2,332.36,327.24,86.07,1.12,1604246400.0,330.2,342.034,350.8283333333334,354.42,357.5773076923077,361.997619047619,2020-11-02
210,2020年11月3日,336.03,333.69,338.25,330.29,89.72,1.77,1604332800.0,336.03,346.906,353.0016666666666,356.21099999999996,358.98692307692306,362.7731707317073,2020-11-03
211,2020年11月4日,343.54,340.86,347.94,339.59,125.93,2.23,1604419200.0,343.54,350.508,354.8141666666666,357.749,360.1676923076923,363.44175,2020-11-04
212,2020年11月5日,350.24,349.24,352.19,348.86,80.78,1.95,1604505600.0,350.24,353.134,355.7966666666666,358.90649999999994,361.0430769230769,363.95205128205123,2020-11-05
213,2020年11月6日,350.16,349.93,351.51,347.65,74.97,-0.02,1604592000.0,350.16,353.728,356.3983333333333,359.887,361.5976923076923,364.31289473684205,2020-11-06
214,2020年11月9日,354.56,363.97,364.38,354.06,170.08,1.26,1604851200.0,354.56,355.316,357.4866666666667,360.8335,362.345,364.6954054054053,2020-11-09
215,2020年11月10日,354.04,353.49,355.18,350.51,83.91,-0.15,1604937600.0,354.04,356.918,358.16166666666663,361.614,362.9453846153846,364.97694444444437,2020-11-10
216,2020年11月11日,356.67,356.4,357.56,355.06,57.81,0.74,1605024000.0,356.67,358.23400000000004,358.96416666666664,362.2545,363.6453846153846,365.2894285714285,2020-11-11
217,2020年11月12日,353.21,355.58,356.72,351.26,66.63,-0.97,1605110400.0,353.21,358.156,359.41333333333336,362.7575,364.1265384615384,365.54294117647055,2020-11-12
218,2020年11月13日,358.1,355.27,358.9,354.71,62.96,1.38,1605196800.0,358.1,359.07,360.48083333333335,363.41200000000003,364.6900000000001,365.91666666666663,2020-11-13
219,2020年11月16日,362.57,360.98,362.78,359.59,73.45,1.25,1605456000.0,362.57,358.51599999999996,361.205,363.74,365.04153846153844,366.1609375,2020-11-16
220,2020年11月17日,360.62,359.97,361.92,358.34,65.16,-0.54,1605542400.0,360.62,357.49399999999997,361.54833333333335,364.09099999999995,365.2338461538462,366.2767741935483,2020-11-17
221,2020年11月18日,356.28,360.91,361.5,356.24,67.24,-1.2,1605628800.0,356.28,358.014,362.31750000000005,364.5685,365.5561538461538,366.46533333333326,2020-11-18
222,2020年11月19日,357.78,355.6,358.18,354.15,58.03,0.42,1605715200.0,357.78,359.29,363.385,365.3665,366.1673076923077,366.81655172413787,2020-11-19
223,2020年11月20日,355.33,357.5,357.72,355.25,70.41,-0.68,1605801600.0,355.33,360.468,364.4175,365.93649999999997,366.6934615384615,367.1392857142856,2020-11-20
224,2020年11月23日,357.46,357.28,358.82,354.86,61.33,0.6,1606060800.0,357.46,361.814,365.37750000000005,366.563,367.3342307692307,367.5766666666666,2020-11-23
225,2020年11月24日,363.22,360.21,363.81,359.29,61.29,1.61,1606147200.0,363.22,363.526,366.15000000000003,367.05199999999996,367.9657692307692,367.9657692307692,2020-11-24
226,2020年11月25日,362.66,363.13,363.16,361.48,45.33,-0.15,1606233600.0,362.66,364.24,366.4066666666667,367.2695,368.15560000000005,368.15560000000005,2020-11-25
227,2020年11月27日,363.67,363.84,364.18,362.58,28.51,0.28,1606406400.0,363.67,365.046,366.5733333333333,367.58649999999994,368.3845833333333,368.3845833333333,2020-11-27
228,2020年11月30日,362.06,362.83,363.12,359.17,80.85,-0.44,1606665600.0,362.06,366.282,367.06666666666666,368.01149999999996,368.5895652173913,368.5895652173913,2020-11-30
229,2020年12月1日,366.02,365.57,367.68,364.93,73.07,1.09,1606752000.0,366.02,367.688,367.7425,368.4815,368.88636363636357,368.88636363636357,2020-12-01
230,2020年12月2日,366.79,364.82,366.96,364.2,43.71,0.21,1606838400.0,366.79,368.518,368.2608333333333,368.78,369.0228571428571,369.0228571428571,2020-12-02
231,2020年12月3日,366.69,366.68,368.19,365.5,62.1,-0.03,1606924800.0,366.69,368.53000000000003,368.46000000000004,369.1345,369.1345,369.1345,2020-12-03
232,2020年12月4日,369.85,367.32,369.85,367.22,50.75,0.86,1607011200.0,369.85,368.538,368.55749999999995,369.2631578947368,369.2631578947368,369.2631578947368,2020-12-04
233,2020年12月7日,369.09,369.02,369.62,367.72,46.97,-0.21,1607270400.0,369.09,367.82800000000003,368.34,369.23055555555555,369.23055555555555,369.23055555555555,2020-12-07
234,2020年12月8日,370.17,367.72,370.78,367.67,41.62,0.29,1607356800.0,370.17,366.942,368.2133333333333,369.2388235294118,369.2388235294118,369.2388235294118,2020-12-08
235,2020年12月9日,366.85,370.88,371.05,365.95,72.0,-0.9,1607443200.0,366.85,366.826,368.11583333333346,369.18062499999996,369.18062499999996,369.18062499999996,2020-12-09
236,2020年12月10日,366.73,365.37,367.86,364.43,55.62,-0.03,1607529600.0,366.73,367.49,368.55916666666667,369.336,369.336,369.336,2020-12-10
237,2020年12月11日,366.3,364.9,366.74,363.26,57.7,-0.12,1607616000.0,366.3,368.592,368.9533333333333,369.5221428571428,369.5221428571428,369.5221428571428,2020-12-11
238,2020年12月14日,364.66,368.64,369.8,364.47,68.26,-0.45,1607875200.0,364.66,369.168,369.4275,369.77000000000004,369.77000000000004,369.77000000000004,2020-12-14
239,2020年12月15日,369.59,367.4,369.59,365.92,63.22,1.35,1607961600.0,369.59,369.808,370.1958333333334,370.1958333333334,370.1958333333334,370.1958333333334,2020-12-15
240,2020年12月16日,370.17,369.82,371.16,368.87,57.28,0.16,1608048000.0,370.17,369.3380000000001,370.2509090909091,370.2509090909091,370.2509090909091,370.2509090909091,2020-12-16
241,2020年12月17日,372.24,371.94,372.46,371.05,62.66,0.56,1608134400.0,372.24,368.81800000000004,370.259,370.259,370.259,370.259,2020-12-17
242,2020年12月18日,369.18,370.97,371.15,367.02,136.54,-0.82,1608220800.0,369.18,368.16999999999996,370.03888888888895,370.03888888888895,370.03888888888895,370.03888888888895,2020-12-18
243,2020年12月21日,367.86,364.97,378.46,362.03,92.56,-0.36,1608480000.0,367.86,368.76800000000003,370.14625,370.14625,370.14625,370.14625,2020-12-21
244,2020年12月22日,367.24,368.21,368.33,366.03,46.47,-0.17,1608566400.0,367.24,369.488,370.4728571428572,370.4728571428572,370.4728571428572,370.4728571428572,2020-12-22
245,2020年12月23日,367.57,368.28,369.62,367.22,44.58,0.09,1608652800.0,367.57,370.438,371.0116666666667,371.0116666666667,371.0116666666667,371.0116666666667,2020-12-23
246,2020年12月24日,369.0,368.08,369.03,367.45,26.46,0.39,1608739200.0,369.0,371.7,371.7,371.7,371.7,371.7,2020-12-24
247,2020年12月28日,372.17,371.74,372.59,371.07,38.68,0.86,1609084800.0,372.17,372.375,372.375,372.375,372.375,372.375,2020-12-28
248,2020年12月29日,371.46,373.81,374.0,370.83,53.13,-0.19,1609171200.0,371.46,372.4433333333333,372.4433333333333,372.4433333333333,372.4433333333333,372.4433333333333,2020-12-29
249,2020年12月30日,371.99,372.34,373.1,371.57,49.14,0.14,1609257600.0,371.99,372.935,372.935,372.935,372.935,372.935,2020-12-30
250,2020年12月31日,373.88,371.78,374.66,371.23,78.52,0.51,1609344000.0,373.88,373.88,373.88,373.88,373.88,373.88,2020-12-31
